locale	jei.tooltip.show.recipes	jei.tooltip.transfer	jei.tooltip.recipe.ore.dict	jei.tooltip.item.colors	key.jei.recipeBack	config.jei.mode.cheatItemsEnabled	config.jei.mode.cheatItemsEnabled.comment	config.jei.mode.editEnabled	config.jei.interface.overlayEnabled	config.jei.interface.overlayEnabled.comment	config.jei.search	config.jei.search.atPrefixRequiredForModName	config.jei.search.atPrefixRequiredForModName.comment	config.jei.search.prefixRequiredForTooltipSearch	config.jei.search.prefixRequiredForTooltipSearch.comment	config.jei.search.prefixRequiredForOreDictSearch	config.jei.search.prefixRequiredForOreDictSearch.comment	config.jei.search.prefixRequiredForCreativeTabSearch	config.jei.search.prefixRequiredForCreativeTabSearch.comment	config.jei.search.prefixRequiredForColorSearch	config.jei.search.prefixRequiredForColorSearch.comment	config.jei.advanced.itemBlacklist.comment	config.jei.advanced.hideMissingModelsEnabled	config.jei.advanced.colorSearchEnabled	config.jei.advanced.colorSearchEnabled.comment	config.jei.advanced.debugModeEnabled.comment	gui.jei.editMode.description.hide.mod.id	gui.jei.editMode.description.show.mod.id	gui.jei.category.smelting.experience
it_IT	Mostra ricette	Trasferisci oggetti	Accetta qualsiasi: %s	Colori: %s	Mostra la pagina precedente delle ricette	Modalità trucchi oggetti	Fornisce gli oggetti invece di mostrare la ricetta.	Modalità nascondi oggetti	Elenco oggetti attivo	Mostra l'elenco degli oggetti accanto alle interfacce aperte.	Opzioni di ricerca	Richiedi @ per il nome della mod	Richiede «@» davanti a una parola per cercare per nome della mod.	Richiedi # per i tooltip	Richiede «#» davanti a una parola per cercare nei tooltip.	Richiedi $ per il dizionario dei minerali	Richiede «$» davanti a una parola per cercare i nomi del dizionario dei minerali.	Richiedi %% per il nome della scheda creativa	Richiede «%» davanti a una parola per cercare i nomi delle schede creative.	Richiedi ^ per i colori	Richiede «^» davanti a una parola per cercare i colori degli oggetti.	Elenco degli oggetti che non devono essere mostrati nell'elenco oggetti. Formato: modId[:name[:meta]]. La modalità modifica aggiungerà o rimuoverà automaticamente le voci qui.	Nascondi oggetti con modelli mancanti	Abilita ricerca per colore	Cerca gli oggetti per colore e mostra nei tooltip i colori degli oggetti disponibili per la ricerca.	Utile solo agli sviluppatori di JEI; aggiunge migliaia di oggetti di prova e alcune ricette di debug.	Ctrl-Maiusc-clic per nascondere per ModId.	Nascosto per ModId. Ctrl-Maiusc-clic per mostrare.	%s XP
ja_JP	レシピを表示	アイテムを移動	どれでも使用可能: %s	色: %s	前のレシピページを表示	アイテムチートモード	レシピを表示する代わりにアイテムを入手します。	アイテム非表示モード	アイテムリストを有効化	開いているGUIの横にアイテムリストを表示します。	検索オプション	Mod名に @ を必須にする	Mod名で検索するには単語の前に「@」が必要です。	ツールチップに # を必須にする	ツールチップを検索するには単語の前に「#」が必要です。	Ore Dictionary に $ を必須にする	Ore Dictionary の名前を検索するには単語の前に「$」が必要です。	クリエイティブタブ名に %% を必須にする	クリエイティブタブ名を検索するには単語の前に「%」が必要です。	色に ^ を必須にする	アイテムの色で検索するには単語の前に「^」が必要です。	アイテムリストに表示しないアイテムの一覧です。形式: modId[:name[:meta]]。編集モードでは、ここに項目が自動的に追加または削除されます。	モデルがないアイテムを非表示	色検索を有効化	色でアイテムを検索し、検索可能なアイテムの色をツールチップに表示します。	JEI開発者向けの機能です。数千個のテストアイテムといくつかのデバッグ用レシピを追加します。	Ctrl-Shift-クリックでModIdごとに非表示。	ModIdごとに非表示。Ctrl-Shift-クリックで表示。	%s XP
ka_GE	რეცეპტების ჩვენება	ნივთების გადატანა	იღებს ნებისმიერს: %s	ფერები: %s	წინა რეცეპტების გვერდის ჩვენება	ნივთების ჩითის რეჟიმი	რეცეპტის ჩვენების ნაცვლად გაძლევთ ნივთებს.	ნივთების დამალვის რეჟიმი	ნივთების სია ჩართულია	აჩვენებს ნივთების სიას ღია ინტერფეისების გვერდით.	ძიების პარამეტრები	@ აუცილებელია მოდის სახელისთვის	მოდის სახელით საძიებლად სიტყვის წინ საჭიროა «@».	# აუცილებელია მინიშნებისთვის	მინიშნებებში საძიებლად სიტყვის წინ საჭიროა «#».	$ აუცილებელია Ore Dictionary-სთვის	Ore Dictionary-ის სახელებში საძიებლად სიტყვის წინ საჭიროა «$».	%% აუცილებელია შემოქმედებითი ჩანართის სახელისთვის	შემოქმედებითი ჩანართების სახელებში საძიებლად სიტყვის წინ საჭიროა «%».	^ აუცილებელია ფერებისთვის	ნივთების ფერებით საძიებლად სიტყვის წინ საჭიროა «^».	ნივთების სია, რომლებიც არ უნდა გამოჩნდეს ნივთების სიაში. ფორმატი: modId[:name[:meta]]. რედაქტირების რეჟიმი აქ ჩანაწერებს ავტომატურად დაამატებს ან წაშლის.	ნივთების დამალვა დაკარგული მოდელებით	ფერით ძიების ჩართვა	ეძებს ნივთებს ფერის მიხედვით და მინიშნებებში აჩვენებს საძიებელ ნივთების ფერებს.	სასარგებლოა მხოლოდ JEI-ის დეველოპერებისთვის; ამატებს ათასობით სატესტო ნივთს და რამდენიმე გამართვის რეცეპტს.	Ctrl-Shift-კლიკი ModId-ის მიხედვით დასამალად.	დამალულია ModId-ის მიხედვით. Ctrl-Shift-კლიკი საჩვენებლად.	%s XP
kw_GB	Show Recipes	Transfer Items	Accepts any: %s	Colors: %s	Show Previous Recipe Page	Item Cheating Mode	Give items instead of showing the recipe.	Item Hiding Mode	Item List Enabled	Show the list of items next to open guis.	Search Options	Require @ for Mod Name	"Require ""@"" in front of a word to search by mod name."	Require # for Tooltip	"Require ""#"" in front of a word to search tooltips."	Require $ for Ore Dictionary	"Require ""$"" in front of a word to search ore dictionary names."	Require %% for Creative Tab Name	"Require ""%"" in front of a word to search creative tab names."	Require ^ for Colors	"Require ""^"" in front of a word to search item colors."	List of items that should not be displayed in the item list. Format: modId[:name[:meta]]. Edit Mode will automatically add or remove entries here.	Hide Items with Missing Models	Enable Color Search	Search items by color and show the searchable item colors on tooltips in the item list.	Only useful for JEI developers, adds thousands of test items and some debug recipes.	Ctrl-Shift-click to hide by ModId.	Hidden by ModId. Ctrl-Shift-click to show.	%s XP
la_LA	Recipes ostendere	Res transferre	Quodlibet accipit: %s	Colores: %s	Paginam recipe priorem ostendere	Modus fraudis rerum	Res dat potius quam recipe ostendit.	Modus rerum occultandarum	Index rerum activus	Indicem rerum iuxta interfaces apertas ostendit.	Optiones quaerendi	@ ad nomen modi requirere	«@» ante verbum requiritur ut nomine modi quaeratur.	# ad indicium requirere	«#» ante verbum requiritur ut in indiciis quaeratur.	$ ad Ore Dictionary requirere	«$» ante verbum requiritur ut nomina Ore Dictionary quaerantur.	%% ad nomen tabulae creativae requirere	«%» ante verbum requiritur ut nomina tabularum creativarum quaerantur.	^ ad colores requirere	«^» ante verbum requiritur ut colores rerum quaerantur.	Index rerum quae in indice rerum ostendi non debent. Forma: modId[:name[:meta]]. Modus emendandi hic inscriptiones automatice addet vel removebit.	Res exemplaribus absentibus occultare	Quaestionem per colorem activare	Res colore quaerit et colores rerum quaeribiles in indiciis ostendit.	Solum creatoribus JEI utile; milia rerum experimenti et nonnullas recipes ad errores investigandos addit.	Ctrl-Shift-click ad occultandum secundum ModId.	Occultum secundum ModId. Ctrl-Shift-click ad ostendendum.	%s XP
lb_LU	Rezepter weisen	Objeten iwwerdroen	Akzeptéiert all: %s	Faarwen: %s	Viregt Rezept-Säit weisen	Objet-Cheat-Modus	Gëtt Objeten amplaz d'Rezept ze weisen.	Modus fir Objeten ze verstoppen	Objetelëscht aktivéiert	Weist d'Objetelëscht nieft oppenen Interfaces.	Sichoptiounen	@ fir Mod-Numm verlaangen	Verlaangt «@» virun engem Wuert fir nom Mod-Numm ze sichen.	# fir Tooltip verlaangen	Verlaangt «#» virun engem Wuert fir an Tooltips ze sichen.	$ fir Ore Dictionary verlaangen	Verlaangt «$» virun engem Wuert fir Nimm am Ore Dictionary ze sichen.	%% fir Numm vum Kreativ-Tab verlaangen	Verlaangt «%» virun engem Wuert fir Nimm vu Kreativ-Tabs ze sichen.	^ fir Faarwen verlaangen	Verlaangt «^» virun engem Wuert fir Objetfaarwen ze sichen.	Lëscht vun Objeten, déi net an der Objetelëscht ugewise solle ginn. Format: modId[:name[:meta]]. Den Editéiermodus füügt hei automatesch Entréen derbäi oder läscht se.	Objete mat feelende Modeller verstoppen	Faarfsich aktivéieren	Sicht Objeten no Faarf a weist déi sichbar Objetfaarwen an Tooltips.	Nëmme fir JEI-Entwéckler nëtzlech; füügt Dausende vun Testobjeten an e puer Debug-Rezepter derbäi.	Ctrl-Shift-klicken fir no ModId ze verstoppen.	No ModId verstoppt. Ctrl-Shift-klicken fir ze weisen.	%s XP
lt_LT	Rodyti receptus	Perkelti daiktus	Priima bet kurį: %s	Spalvos: %s	Rodyti ankstesnį receptų puslapį	Daiktų sukčiavimo režimas	Duoda daiktus vietoj recepto rodymo.	Daiktų slėpimo režimas	Daiktų sąrašas įjungtas	Rodo daiktų sąrašą šalia atvertų sąsajų.	Paieškos parinktys	Reikalauti @ modo pavadinimui	Reikalauja „@“ prieš žodį, kad būtų ieškoma pagal modo pavadinimą.	Reikalauti # patarimui	Reikalauja „#“ prieš žodį, kad būtų ieškoma patarimuose.	Reikalauti $ Ore Dictionary	Reikalauja „$“ prieš žodį, kad būtų ieškoma Ore Dictionary pavadinimuose.	Reikalauti %% kūrybinės kortelės pavadinimui	Reikalauja „%“ prieš žodį, kad būtų ieškoma kūrybinių kortelių pavadinimuose.	Reikalauti ^ spalvoms	Reikalauja „^“ prieš žodį, kad būtų ieškoma daiktų spalvų.	Daiktų, kurie neturėtų būti rodomi daiktų sąraše, sąrašas. Formatas: modId[:name[:meta]]. Redagavimo režimas čia automatiškai pridės arba pašalins įrašus.	Slėpti daiktus su trūkstamais modeliais	Įjungti paiešką pagal spalvą	Ieško daiktų pagal spalvą ir patarimuose rodo ieškomas daiktų spalvas.	Naudinga tik JEI kūrėjams; prideda tūkstančius bandomųjų daiktų ir kelis derinimo receptus.	Ctrl-Shift-spustelėjimas slėpti pagal ModId.	Paslėpta pagal ModId. Ctrl-Shift-spustelėjimas rodyti.	%s XP
lv_LV	Rādīt receptes	Pārvietot priekšmetus	Pieņem jebkuru: %s	Krāsas: %s	Rādīt iepriekšējo recepšu lapu	Priekšmetu krāpšanās režīms	Dod priekšmetus, nevis rāda recepti.	Priekšmetu slēpšanas režīms	Priekšmetu saraksts ieslēgts	Rāda priekšmetu sarakstu blakus atvērtajām saskarnēm.	Meklēšanas opcijas	Pieprasīt @ moda nosaukumam	Pieprasa „@“ pirms vārda, lai meklētu pēc moda nosaukuma.	Pieprasīt # rīka padomam	Pieprasa „#“ pirms vārda, lai meklētu rīka padomos.	Pieprasīt $ Ore Dictionary	Pieprasa „$“ pirms vārda, lai meklētu Ore Dictionary nosaukumos.	Pieprasīt %% radošās cilnes nosaukumam	Pieprasa „%“ pirms vārda, lai meklētu radošo ciļņu nosaukumos.	Pieprasīt ^ krāsām	Pieprasa „^“ pirms vārda, lai meklētu priekšmetu krāsas.	Priekšmetu saraksts, kurus nevajadzētu rādīt priekšmetu sarakstā. Formāts: modId[:name[:meta]]. Rediģēšanas režīms šeit automātiski pievienos vai noņems ierakstus.	Slēpt priekšmetus ar trūkstošiem modeļiem	Iespējot meklēšanu pēc krāsas	Meklē priekšmetus pēc krāsas un rīka padomos rāda meklējamās priekšmetu krāsas.	Noderīgi tikai JEI izstrādātājiem; pievieno tūkstošiem testa priekšmetu un dažas atkļūdošanas receptes.	Ctrl-Shift-klikšķis, lai slēptu pēc ModId.	Paslēpts pēc ModId. Ctrl-Shift-klikšķis, lai rādītu.	%s XP
mi_NZ	Whakaatu tohutao	Whakawhiti tūemi	Ka whakaae ki tētahi: %s	Ngā tae: %s	Whakaatu i te whārangi tohutao o mua	Aratau tinihanga tūemi	Ka hoatu tūemi, kaua e whakaatu i te tohutao.	Aratau huna tūemi	Kua whakahohea te rārangi tūemi	Ka whakaatu i te rārangi tūemi ki te taha o ngā atanga tuwhera.	Ngā kōwhiringa rapu	Me whai @ mō te ingoa mod	Me whai «@» i mua i te kupu hei rapu mā te ingoa mod.	Me whai # mō te tooltip	Me whai «#» i mua i te kupu hei rapu i ngā tooltip.	Me whai $ mō te Ore Dictionary	Me whai «$» i mua i te kupu hei rapu i ngā ingoa Ore Dictionary.	Me whai %% mō te ingoa ripa auaha	Me whai «%» i mua i te kupu hei rapu i ngā ingoa ripa auaha.	Me whai ^ mō ngā tae	Me whai «^» i mua i te kupu hei rapu i ngā tae tūemi.	Rārangi o ngā tūemi kāore e tika kia whakaaturia i te rārangi tūemi. Hōputu: modId[:name[:meta]]. Ka tāpiri, ka tango aunoa hoki te aratau whakatika i ngā tāurunga ki konei.	Huna tūemi whai tauira ngaro	Whakahohea te rapu mā te tae	Ka rapu tūemi mā te tae, ā, ka whakaatu i ngā tae tūemi ka taea te rapu ki ngā tooltip.	He whaihua anake mā ngā kaiwhakawhanake JEI; ka tāpiri mano tini tūemi whakamātau me ētahi tohutao patuiro.	Ctrl-Shift-pāwhiri hei huna mā te ModId.	Kua huna mā te ModId. Ctrl-Shift-pāwhiri hei whakaatu.	%s XP
